Sample name	Sex	Biosample ID	Population code	Population name	Superpopulation code	Superpopulation name	Population elastic ID	Data collections
NA18484	female	SAME124101	YRI	Yoruba	AFR	African Ancestry	YRI	1000 Genomes 30x on GRCh38,1000 Genomes phase 3 release
NA18489	female	SAME124102	YRI	Yoruba	AFR	African Ancestry	YRI	1000 Genomes on GRCh38,1000 Genomes 30x on GRCh38,1000 Genomes phase 3 release,1000 Genomes phase 1 release,Geuvadis
NA18504	male	SAME125061	YRI	Yoruba	AFR	African Ancestry	YRI	1000 Genomes on GRCh38,1000 Genomes 30x on GRCh38,1000 Genomes phase 3 release,1000 Genomes phase 1 release
NA18509	male	SAME125066	YRI	Yoruba	AFR	African Ancestry	YRI	1000 Genomes phase 3 release
NA18511	female	SAME124885	YRI	Yoruba	AFR	African Ancestry	YRI	1000 Genomes on GRCh38,1000 Genomes 30x on GRCh38,1000 Genomes phase 3 release,1000 Genomes phase 1 release,Geuvadis
NA18516	male	SAME124884	YRI	Yoruba	AFR	African Ancestry	YRI	1000 Genomes on GRCh38,1000 Genomes 30x on GRCh38,1000 Genomes phase 3 release,1000 Genomes phase 1 release
NA18523	female	SAME124670	YRI	Yoruba	AFR	African Ancestry	YRI	1000 Genomes on GRCh38,1000 Genomes 30x on GRCh38,1000 Genomes phase 3 release,1000 Genomes phase 1 release
NA18908	male	SAME123560	YRI	Yoruba	AFR	African Ancestry	YRI	1000 Genomes on GRCh38,1000 Genomes 30x on GRCh38,1000 Genomes phase 3 release,1000 Genomes phase 1 release,Geuvadis
NA18910	male	SAME123402	YRI	Yoruba	AFR	African Ancestry	YRI	1000 Genomes on GRCh38,1000 Genomes 30x on GRCh38,1000 Genomes phase 3 release,1000 Genomes phase 1 release,Geuvadis
NA18915	male	SAME123405	YRI	Yoruba	AFR	African Ancestry	YRI	1000 Genomes on GRCh38,1000 Genomes 30x on GRCh38,1000 Genomes phase 3 release
NA18934	male	SAME123036	YRI	Yoruba	AFR	African Ancestry	YRI	1000 Genomes on GRCh38,1000 Genomes 30x on GRCh38,1000 Genomes phase 3 release,1000 Genomes phase 1 release,Geuvadis
NA18488	female	SAME124103	YRI	Yoruba	AFR	African Ancestry	YRI	1000 Genomes on GRCh38,1000 Genomes 30x on GRCh38,1000 Genomes phase 3 release,1000 Genomes phase 1 release,Geuvadis
NA19095	female	SAME123170	YRI	Yoruba	AFR	African Ancestry	YRI	1000 Genomes on GRCh38,1000 Genomes 30x on GRCh38,1000 Genomes phase 3 release,1000 Genomes phase 1 release,Geuvadis
NA18503	male	SAME125056	YRI	Yoruba	AFR	African Ancestry	YRI	1000 Genomes 30x on GRCh38,1000 Genomes phase 3 release
NA18508	female	SAME124318	YRI	Yoruba	AFR	African Ancestry	YRI	1000 Genomes on GRCh38,1000 Genomes 30x on GRCh38,1000 Genomes phase 3 release,1000 Genomes phase 1 release,Geuvadis
NA18510	male	SAME124886	YRI	Yoruba	AFR	African Ancestry	YRI	1000 Genomes on GRCh38,1000 Genomes 30x on GRCh38,1000 Genomes phase 3 release,1000 Genomes phase 1 release,Geuvadis
NA18852	female	SAME124732	YRI	Yoruba	AFR	African Ancestry	YRI	1000 Genomes 30x on GRCh38,1000 Genomes phase 3 release
NA18515	male	SAME124881	YRI	Yoruba	AFR	African Ancestry	YRI	1000 Genomes 30x on GRCh38,1000 Genomes phase 3 release
NA18857	male	SAME124737	YRI	Yoruba	AFR	African Ancestry	YRI	1000 Genomes 30x on GRCh38,1000 Genomes phase 3 release
NA18522	male	SAME124669	YRI	Yoruba	AFR	African Ancestry	YRI	1000 Genomes on GRCh38,1000 Genomes 30x on GRCh38,1000 Genomes phase 3 release,1000 Genomes phase 1 release
NA18864	female	SAME124903	YRI	Yoruba	AFR	African Ancestry	YRI	1000 Genomes on GRCh38,1000 Genomes 30x on GRCh38,1000 Genomes phase 3 release
NA18869	male	SAME124909	YRI	Yoruba	AFR	African Ancestry	YRI	1000 Genomes 30x on GRCh38,1000 Genomes phase 3 release
NA18871	male	SAME125102	YRI	Yoruba	AFR	African Ancestry	YRI	1000 Genomes on GRCh38,1000 Genomes 30x on GRCh38,1000 Genomes phase 3 release,1000 Genomes phase 1 release
NA18876	female	SAME125103	YRI	Yoruba	AFR	African Ancestry	YRI	1000 Genomes on GRCh38,1000 Genomes 30x on GRCh38,1000 Genomes phase 3 release
NA19153	male	SAME123019	YRI	Yoruba	AFR	African Ancestry	YRI	1000 Genomes on GRCh38,1000 Genomes 30x on GRCh38,1000 Genomes phase 3 release,1000 Genomes phase 1 release,Geuvadis
NA19160	male	SAME123758	YRI	Yoruba	AFR	African Ancestry	YRI	1000 Genomes on GRCh38,1000 Genomes 30x on GRCh38,1000 Genomes phase 3 release,1000 Genomes phase 1 release,Geuvadis
NA19172	female	SAME124420	YRI	Yoruba	AFR	African Ancestry	YRI	1000 Genomes on GRCh38,1000 Genomes 30x on GRCh38,1000 Genomes phase 3 release,1000 Genomes phase 1 release,Geuvadis
NA19177	male	SAME124417	YRI	Yoruba	AFR	African Ancestry	YRI	1000 Genomes 30x on GRCh38,1000 Genomes phase 3 release
NA19184	male	SAME123859	YRI	Yoruba	AFR	African Ancestry	YRI	1000 Genomes on GRCh38,1000 Genomes 30x on GRCh38,1000 Genomes phase 3 release,1000 Genomes phase 1 release,Geuvadis
NA19189	male	SAME123869	YRI	Yoruba	AFR	African Ancestry	YRI	1000 Genomes on GRCh38,1000 Genomes 30x on GRCh38,1000 Genomes phase 3 release,1000 Genomes phase 1 release,Geuvadis
NA19191	male	SAME124042	YRI	Yoruba	AFR	African Ancestry	YRI	1000 Genomes 30x on GRCh38,1000 Genomes phase 3 release
NA19196	female	SAME124043	YRI	Yoruba	AFR	African Ancestry	YRI	1000 Genomes phase 3 release
NA19204	female	SAME122985	YRI	Yoruba	AFR	African Ancestry	YRI	1000 Genomes on GRCh38,1000 Genomes 30x on GRCh38,1000 Genomes phase 3 release,1000 Genomes phase 1 release,Geuvadis
NA19209	female	SAME122994	YRI	Yoruba	AFR	African Ancestry	YRI	1000 Genomes on GRCh38,1000 Genomes 30x on GRCh38,1000 Genomes phase 3 release,1000 Genomes phase 1 release,Geuvadis
NA19211	male	SAME125382	YRI	Yoruba	AFR	African Ancestry	YRI	1000 Genomes 30x on GRCh38,1000 Genomes phase 3 release
NA18856	male	SAME124736	YRI	Yoruba	AFR	African Ancestry	YRI	1000 Genomes on GRCh38,1000 Genomes 30x on GRCh38,1000 Genomes phase 3 release,1000 Genomes phase 1 release
NA18863	male	SAME124907	YRI	Yoruba	AFR	African Ancestry	YRI	1000 Genomes 30x on GRCh38,1000 Genomes phase 3 release
NA18868	male	SAME124910	YRI	Yoruba	AFR	African Ancestry	YRI	1000 Genomes on GRCh38,1000 Genomes 30x on GRCh38,1000 Genomes phase 3 release,1000 Genomes phase 1 release,Geuvadis
NA18870	female	SAME125101	YRI	Yoruba	AFR	African Ancestry	YRI	1000 Genomes on GRCh38,1000 Genomes 30x on GRCh38,1000 Genomes phase 3 release,1000 Genomes phase 1 release,Geuvadis
NA18875	female	SAME123545	YRI	Yoruba	AFR	African Ancestry	YRI	1000 Genomes 30x on GRCh38,1000 Genomes phase 3 release
NA19094	female	SAME123171	YRI	Yoruba	AFR	African Ancestry	YRI	1000 Genomes 30x on GRCh38,1000 Genomes phase 3 release
NA19099	female	SAME125240	YRI	Yoruba	AFR	African Ancestry	YRI	1000 Genomes on GRCh38,1000 Genomes 30x on GRCh38,1000 Genomes phase 3 release,1000 Genomes phase 1 release,Geuvadis
NA19222	female	SAME124147	YRI	Yoruba	AFR	African Ancestry	YRI	1000 Genomes on GRCh38,1000 Genomes 30x on GRCh38,1000 Genomes phase 3 release,1000 Genomes phase 1 release,Geuvadis
NA19239	male	SAME125081	YRI	Yoruba	AFR	African Ancestry	YRI	1000 Genomes on GRCh38,1000 Genomes 30x on GRCh38,Human Genome Structural Variation Consortium, Phase 2,The Human Genome Structural Variation Consortium,1000 Genomes phase 3 release,1000 Genomes phase 1 release
NA19258	male	SAME125045	YRI	Yoruba	AFR	African Ancestry	YRI	1000 Genomes 30x on GRCh38,1000 Genomes phase 3 release
NA19223	male	SAME125223	YRI	Yoruba	AFR	African Ancestry	YRI	1000 Genomes on GRCh38,1000 Genomes 30x on GRCh38,1000 Genomes phase 3 release,1000 Genomes phase 1 release,Geuvadis
NA19235	female	SAME125002	YRI	Yoruba	AFR	African Ancestry	YRI	1000 Genomes on GRCh38,1000 Genomes 30x on GRCh38,1000 Genomes phase 3 release,1000 Genomes phase 1 release,Geuvadis
NA19247	female	SAME123691	YRI	Yoruba	AFR	African Ancestry	YRI	1000 Genomes on GRCh38,1000 Genomes 30x on GRCh38,1000 Genomes phase 3 release,1000 Genomes phase 1 release,Geuvadis
NA19254	female	SAME123494	YRI	Yoruba	AFR	African Ancestry	YRI	1000 Genomes phase 3 release
NA18907	female	SAME123563	YRI	Yoruba	AFR	African Ancestry	YRI	1000 Genomes on GRCh38,1000 Genomes 30x on GRCh38,1000 Genomes phase 3 release,1000 Genomes phase 1 release,Geuvadis
NA18914	male	SAME123406	YRI	Yoruba	AFR	African Ancestry	YRI	1000 Genomes 30x on GRCh38,1000 Genomes phase 3 release
NA18933	female	SAME123037	YRI	Yoruba	AFR	African Ancestry	YRI	1000 Genomes on GRCh38,1000 Genomes 30x on GRCh38,1000 Genomes phase 3 release,1000 Genomes phase 1 release,Geuvadis
NA19103	male	SAME124330	YRI	Yoruba	AFR	African Ancestry	YRI	1000 Genomes 30x on GRCh38,1000 Genomes phase 3 release
NA19108	female	SAME125378	YRI	Yoruba	AFR	African Ancestry	YRI	1000 Genomes on GRCh38,1000 Genomes 30x on GRCh38,1000 Genomes phase 3 release,1000 Genomes phase 1 release,Geuvadis
NA19115	female	SAME123857	YRI	Yoruba	AFR	African Ancestry	YRI	1000 Genomes 30x on GRCh38,1000 Genomes phase 3 release
NA19122	female	SAME125014	YRI	Yoruba	AFR	African Ancestry	YRI	1000 Genomes 30x on GRCh38,1000 Genomes phase 3 release
NA19127	female	SAME125017	YRI	Yoruba	AFR	African Ancestry	YRI	1000 Genomes 30x on GRCh38,1000 Genomes phase 3 release
NA19139	male	SAME125237	YRI	Yoruba	AFR	African Ancestry	YRI	1000 Genomes 30x on GRCh38,1000 Genomes phase 3 release
NA19141	male	SAME124607	YRI	Yoruba	AFR	African Ancestry	YRI	1000 Genomes on GRCh38,1000 Genomes 30x on GRCh38,1000 Genomes phase 3 release,1000 Genomes phase 1 release,Geuvadis
NA19146	male	SAME125080	YRI	Yoruba	AFR	African Ancestry	YRI	1000 Genomes on GRCh38,1000 Genomes 30x on GRCh38,1000 Genomes phase 3 release,1000 Genomes phase 1 release,Geuvadis
NA19152	female	SAME123017	YRI	Yoruba	AFR	African Ancestry	YRI	1000 Genomes on GRCh38,1000 Genomes 30x on GRCh38,1000 Genomes phase 3 release,1000 Genomes phase 1 release,Geuvadis
NA19171	male	SAME124419	YRI	Yoruba	AFR	African Ancestry	YRI	1000 Genomes on GRCh38,1000 Genomes 30x on GRCh38,1000 Genomes phase 3 release,1000 Genomes phase 1 release,Geuvadis
NA19176	female	SAME124416	YRI	Yoruba	AFR	African Ancestry	YRI	1000 Genomes 30x on GRCh38,1000 Genomes phase 3 release
NA19190	female	SAME124041	YRI	Yoruba	AFR	African Ancestry	YRI	1000 Genomes on GRCh38,1000 Genomes 30x on GRCh38,1000 Genomes phase 3 release,1000 Genomes phase 1 release,Geuvadis
NA19195	male	SAME125310	YRI	Yoruba	AFR	African Ancestry	YRI	1000 Genomes phase 3 release
NA19203	male	SAME122988	YRI	Yoruba	AFR	African Ancestry	YRI	1000 Genomes 30x on GRCh38,1000 Genomes phase 3 release
NA19208	male	SAME122993	YRI	Yoruba	AFR	African Ancestry	YRI	1000 Genomes 30x on GRCh38,1000 Genomes phase 3 release
NA19210	male	SAME125383	YRI	Yoruba	AFR	African Ancestry	YRI	1000 Genomes on GRCh38,1000 Genomes 30x on GRCh38,1000 Genomes phase 3 release,1000 Genomes phase 1 release,Geuvadis
NA19215	female	SAME125385	YRI	Yoruba	AFR	African Ancestry	YRI	1000 Genomes 30x on GRCh38,1000 Genomes phase 3 release
NA19102	female	SAME125112	YRI	Yoruba	AFR	African Ancestry	YRI	1000 Genomes on GRCh38,1000 Genomes 30x on GRCh38,1000 Genomes phase 3 release,1000 Genomes phase 1 release,Geuvadis
NA19107	male	SAME123393	YRI	Yoruba	AFR	African Ancestry	YRI	1000 Genomes on GRCh38,1000 Genomes 30x on GRCh38,1000 Genomes phase 3 release,1000 Genomes phase 1 release,Geuvadis
NA19114	female	SAME122953	YRI	Yoruba	AFR	African Ancestry	YRI	1000 Genomes on GRCh38,1000 Genomes 30x on GRCh38,1000 Genomes phase 3 release,1000 Genomes phase 1 release,Geuvadis
NA19119	male	SAME122944	YRI	Yoruba	AFR	African Ancestry	YRI	1000 Genomes on GRCh38,1000 Genomes 30x on GRCh38,1000 Genomes phase 3 release,1000 Genomes phase 1 release,Geuvadis
NA19121	male	SAME125015	YRI	Yoruba	AFR	African Ancestry	YRI	1000 Genomes on GRCh38,1000 Genomes 30x on GRCh38,1000 Genomes phase 3 release,1000 Genomes phase 1 release,Geuvadis
NA19138	male	SAME125236	YRI	Yoruba	AFR	African Ancestry	YRI	1000 Genomes on GRCh38,1000 Genomes 30x on GRCh38,1000 Genomes phase 3 release,1000 Genomes phase 1 release,Geuvadis
NA19140	female	SAME124608	YRI	Yoruba	AFR	African Ancestry	YRI	1000 Genomes 30x on GRCh38,1000 Genomes phase 3 release
NA19145	male	SAME123372	YRI	Yoruba	AFR	African Ancestry	YRI	1000 Genomes 30x on GRCh38,1000 Genomes phase 3 release
NA18485	male	SAME124100	YRI	Yoruba	AFR	African Ancestry	YRI	1000 Genomes 30x on GRCh38,1000 Genomes phase 3 release
NA18853	male	SAME124733	YRI	Yoruba	AFR	African Ancestry	YRI	1000 Genomes on GRCh38,1000 Genomes 30x on GRCh38,1000 Genomes phase 3 release,1000 Genomes phase 1 release
NA18916	female	SAME123408	YRI	Yoruba	AFR	African Ancestry	YRI	1000 Genomes on GRCh38,1000 Genomes 30x on GRCh38,1000 Genomes phase 3 release,1000 Genomes phase 1 release,Geuvadis
NA18923	male	SAME123205	YRI	Yoruba	AFR	African Ancestry	YRI	1000 Genomes on GRCh38,1000 Genomes 30x on GRCh38,1000 Genomes phase 3 release,1000 Genomes phase 1 release,Geuvadis
NA18930	female	SAME123040	YRI	Yoruba	AFR	African Ancestry	YRI	1000 Genomes 30x on GRCh38,1000 Genomes phase 3 release
NA18935	male	SAME123035	YRI	Yoruba	AFR	African Ancestry	YRI	1000 Genomes 30x on GRCh38,1000 Genomes phase 3 release
NA19096	male	SAME123662	YRI	Yoruba	AFR	African Ancestry	YRI	1000 Genomes on GRCh38,1000 Genomes 30x on GRCh38,1000 Genomes phase 3 release,1000 Genomes phase 1 release,Geuvadis
NA19104	male	SAME124804	YRI	Yoruba	AFR	African Ancestry	YRI	1000 Genomes phase 3 release
NA19109	female	SAME124544	YRI	Yoruba	AFR	African Ancestry	YRI	1000 Genomes 30x on GRCh38,1000 Genomes phase 3 release
NA18497	male	SAME124277	YRI	Yoruba	AFR	African Ancestry	YRI	1000 Genomes 30x on GRCh38,1000 Genomes phase 3 release
NA18500	male	SAME123386	YRI	Yoruba	AFR	African Ancestry	YRI	1000 Genomes 30x on GRCh38,1000 Genomes phase 3 release
NA19093	female	SAME123172	YRI	Yoruba	AFR	African Ancestry	YRI	1000 Genomes on GRCh38,1000 Genomes 30x on GRCh38,1000 Genomes phase 3 release,1000 Genomes phase 1 release,Geuvadis
NA18505	female	SAME125062	YRI	Yoruba	AFR	African Ancestry	YRI	1000 Genomes on GRCh38,1000 Genomes 30x on GRCh38,1000 Genomes phase 3 release,1000 Genomes phase 1 release,Geuvadis
NA19098	male	SAME123633	YRI	Yoruba	AFR	African Ancestry	YRI	1000 Genomes on GRCh38,1000 Genomes 30x on GRCh38,1000 Genomes phase 3 release,1000 Genomes phase 1 release,Geuvadis
NA18517	female	SAME124883	YRI	Yoruba	AFR	African Ancestry	YRI	1000 Genomes on GRCh38,1000 Genomes 30x on GRCh38,1000 Genomes phase 3 release,1000 Genomes phase 1 release,Geuvadis
NA18487	male	SAME124098	YRI	Yoruba	AFR	African Ancestry	YRI	1000 Genomes on GRCh38,1000 Genomes 30x on GRCh38,1000 Genomes phase 3 release,1000 Genomes phase 1 release,Geuvadis
NA18499	female	SAME124059	YRI	Yoruba	AFR	African Ancestry	YRI	1000 Genomes on GRCh38,1000 Genomes 30x on GRCh38,1000 Genomes phase 3 release,1000 Genomes phase 1 release,Geuvadis
NA18502	female	SAME125055	YRI	Yoruba	AFR	African Ancestry	YRI	1000 Genomes on GRCh38,1000 Genomes 30x on GRCh38,1000 Genomes phase 3 release,1000 Genomes phase 1 release,Geuvadis
NA18507	male	SAME125060	YRI	Yoruba	AFR	African Ancestry	YRI	1000 Genomes on GRCh38,1000 Genomes 30x on GRCh38,1000 Genomes phase 3 release,1000 Genomes phase 1 release
NA18519	male	SAME124888	YRI	Yoruba	AFR	African Ancestry	YRI	1000 Genomes on GRCh38,1000 Genomes 30x on GRCh38,1000 Genomes phase 3 release,1000 Genomes phase 1 release,Geuvadis
NA19116	female	SAME124911	YRI	Yoruba	AFR	African Ancestry	YRI	1000 Genomes on GRCh38,1000 Genomes 30x on GRCh38,1000 Genomes phase 3 release,1000 Genomes phase 1 release,Geuvadis
NA18521	male	SAME123566	YRI	Yoruba	AFR	African Ancestry	YRI	1000 Genomes 30x on GRCh38,1000 Genomes phase 3 release
NA19123	male	SAME125013	YRI	Yoruba	AFR	African Ancestry	YRI	1000 Genomes 30x on GRCh38,1000 Genomes phase 3 release
NA19128	male	SAME125022	YRI	Yoruba	AFR	African Ancestry	YRI	1000 Genomes 30x on GRCh38,1000 Genomes phase 3 release
NA19130	male	SAME125229	YRI	Yoruba	AFR	African Ancestry	YRI	1000 Genomes on GRCh38,1000 Genomes 30x on GRCh38,1000 Genomes phase 3 release,1000 Genomes phase 1 release,Geuvadis
NA19142	male	SAME124610	YRI	Yoruba	AFR	African Ancestry	YRI	1000 Genomes 30x on GRCh38,1000 Genomes phase 3 release
NA19147	female	SAME124613	YRI	Yoruba	AFR	African Ancestry	YRI	1000 Genomes on GRCh38,1000 Genomes 30x on GRCh38,1000 Genomes phase 3 release,1000 Genomes phase 1 release,Geuvadis
NA19154	male	SAME124835	YRI	Yoruba	AFR	African Ancestry	YRI	1000 Genomes 30x on GRCh38,1000 Genomes phase 3 release
NA19159	female	SAME124716	YRI	Yoruba	AFR	African Ancestry	YRI	1000 Genomes on GRCh38,1000 Genomes 30x on GRCh38,1000 Genomes phase 3 release,1000 Genomes phase 1 release,Geuvadis
NA19161	male	SAME123757	YRI	Yoruba	AFR	African Ancestry	YRI	1000 Genomes 30x on GRCh38,1000 Genomes phase 3 release
NA19166	female	SAME124211	YRI	Yoruba	AFR	African Ancestry	YRI	1000 Genomes phase 3 release
NA19173	male	SAME124421	YRI	Yoruba	AFR	African Ancestry	YRI	1000 Genomes 30x on GRCh38,1000 Genomes phase 3 release
NA18858	female	SAME124730	YRI	Yoruba	AFR	African Ancestry	YRI	1000 Genomes on GRCh38,1000 Genomes 30x on GRCh38,1000 Genomes phase 3 release,1000 Genomes phase 1 release,Geuvadis
NA18860	male	SAME124906	YRI	Yoruba	AFR	African Ancestry	YRI	1000 Genomes 30x on GRCh38,1000 Genomes phase 3 release
NA18865	male	SAME124902	YRI	Yoruba	AFR	African Ancestry	YRI	1000 Genomes on GRCh38,1000 Genomes 30x on GRCh38,1000 Genomes phase 3 release
NA18872	male	SAME125099	YRI	Yoruba	AFR	African Ancestry	YRI	1000 Genomes 30x on GRCh38,1000 Genomes phase 3 release
NA18877	male	SAME125104	YRI	Yoruba	AFR	African Ancestry	YRI	1000 Genomes on GRCh38,1000 Genomes 30x on GRCh38,1000 Genomes phase 3 release
NA18909	female	SAME123561	YRI	Yoruba	AFR	African Ancestry	YRI	1000 Genomes on GRCh38,1000 Genomes 30x on GRCh38,1000 Genomes phase 3 release,1000 Genomes phase 1 release,Geuvadis
NA18911	male	SAME123401	YRI	Yoruba	AFR	African Ancestry	YRI	1000 Genomes 30x on GRCh38,1000 Genomes phase 3 release
NA19248	male	SAME123681	YRI	Yoruba	AFR	African Ancestry	YRI	1000 Genomes on GRCh38,1000 Genomes 30x on GRCh38,1000 Genomes phase 3 release,1000 Genomes phase 1 release,Geuvadis
NA18879	male	SAME125108	YRI	Yoruba	AFR	African Ancestry	YRI	1000 Genomes on GRCh38,1000 Genomes 30x on GRCh38,1000 Genomes phase 3 release
NA18881	female	SAME125308	YRI	Yoruba	AFR	African Ancestry	YRI	1000 Genomes on GRCh38,1000 Genomes 30x on GRCh38,1000 Genomes phase 3 release
NA18906	female	SAME123562	YRI	Yoruba	AFR	African Ancestry	YRI	1000 Genomes 30x on GRCh38,1000 Genomes phase 3 release
NA18913	male	SAME123403	YRI	Yoruba	AFR	African Ancestry	YRI	1000 Genomes 30x on GRCh38,1000 Genomes phase 3 release
NA18925	male	SAME123203	YRI	Yoruba	AFR	African Ancestry	YRI	1000 Genomes 30x on GRCh38,1000 Genomes phase 3 release
NA19185	female	SAME123858	YRI	Yoruba	AFR	African Ancestry	YRI	1000 Genomes on GRCh38,1000 Genomes 30x on GRCh38,1000 Genomes phase 3 release,1000 Genomes phase 1 release,Geuvadis
NA19101	male	SAME123955	YRI	Yoruba	AFR	African Ancestry	YRI	1000 Genomes 30x on GRCh38,1000 Genomes phase 3 release
NA19197	female	SAME125309	YRI	Yoruba	AFR	African Ancestry	YRI	1000 Genomes on GRCh38,1000 Genomes 30x on GRCh38,1000 Genomes phase 3 release,1000 Genomes phase 1 release,Geuvadis
NA19113	male	SAME123838	YRI	Yoruba	AFR	African Ancestry	YRI	1000 Genomes on GRCh38,1000 Genomes 30x on GRCh38,1000 Genomes phase 3 release,1000 Genomes phase 1 release,Geuvadis
NA19200	male	SAME122989	YRI	Yoruba	AFR	African Ancestry	YRI	1000 Genomes on GRCh38,1000 Genomes 30x on GRCh38,1000 Genomes phase 3 release,1000 Genomes phase 1 release,Geuvadis
NA19118	female	SAME122943	YRI	Yoruba	AFR	African Ancestry	YRI	1000 Genomes on GRCh38,1000 Genomes 30x on GRCh38,1000 Genomes phase 3 release,1000 Genomes phase 1 release,Geuvadis
NA19205	male	SAME122986	YRI	Yoruba	AFR	African Ancestry	YRI	1000 Genomes 30x on GRCh38,1000 Genomes phase 3 release
NA19120	male	SAME125016	YRI	Yoruba	AFR	African Ancestry	YRI	1000 Genomes 30x on GRCh38,1000 Genomes phase 3 release
NA19224	male	SAME125217	YRI	Yoruba	AFR	African Ancestry	YRI	1000 Genomes 30x on GRCh38,1000 Genomes phase 3 release
NA19132	female	SAME125231	YRI	Yoruba	AFR	African Ancestry	YRI	1000 Genomes 30x on GRCh38,1000 Genomes phase 3 release
NA19236	male	SAME125001	YRI	Yoruba	AFR	African Ancestry	YRI	1000 Genomes on GRCh38,1000 Genomes 30x on GRCh38,1000 Genomes phase 3 release,1000 Genomes phase 1 release,Geuvadis
NA19137	female	SAME125235	YRI	Yoruba	AFR	African Ancestry	YRI	1000 Genomes on GRCh38,1000 Genomes 30x on GRCh38,1000 Genomes phase 3 release,1000 Genomes phase 1 release,Geuvadis
NA19144	male	SAME123373	YRI	Yoruba	AFR	African Ancestry	YRI	1000 Genomes on GRCh38,1000 Genomes 30x on GRCh38,1000 Genomes phase 3 release,1000 Genomes phase 1 release,Geuvadis
NA19149	female	SAME124605	YRI	Yoruba	AFR	African Ancestry	YRI	1000 Genomes on GRCh38,1000 Genomes 30x on GRCh38,1000 Genomes phase 3 release,1000 Genomes phase 1 release,Geuvadis
NA19151	female	SAME124839	YRI	Yoruba	AFR	African Ancestry	YRI	1000 Genomes 30x on GRCh38,1000 Genomes phase 3 release
NA19175	male	SAME124887	YRI	Yoruba	AFR	African Ancestry	YRI	1000 Genomes on GRCh38,1000 Genomes 30x on GRCh38,1000 Genomes phase 3 release,1000 Genomes phase 1 release,Geuvadis
NA19199	female	SAME124050	YRI	Yoruba	AFR	African Ancestry	YRI	1000 Genomes 30x on GRCh38,1000 Genomes phase 3 release
NA19202	female	SAME122987	YRI	Yoruba	AFR	African Ancestry	YRI	1000 Genomes 30x on GRCh38,1000 Genomes phase 3 release
NA19207	male	SAME122984	YRI	Yoruba	AFR	African Ancestry	YRI	1000 Genomes on GRCh38,1000 Genomes 30x on GRCh38,1000 Genomes phase 3 release,1000 Genomes phase 1 release,Geuvadis
NA19214	female	SAME125386	YRI	Yoruba	AFR	African Ancestry	YRI	1000 Genomes on GRCh38,1000 Genomes 30x on GRCh38,1000 Genomes phase 3 release,1000 Genomes phase 1 release,Geuvadis
NA18855	female	SAME124735	YRI	Yoruba	AFR	African Ancestry	YRI	1000 Genomes 30x on GRCh38,1000 Genomes phase 3 release
NA18862	male	SAME125118	YRI	Yoruba	AFR	African Ancestry	YRI	1000 Genomes 30x on GRCh38,1000 Genomes phase 3 release
NA18867	female	SAME124904	YRI	Yoruba	AFR	African Ancestry	YRI	1000 Genomes on GRCh38,1000 Genomes 30x on GRCh38,1000 Genomes phase 3 release,1000 Genomes phase 1 release,Geuvadis
NA18874	male	SAME125105	YRI	Yoruba	AFR	African Ancestry	YRI	1000 Genomes on GRCh38,1000 Genomes 30x on GRCh38,1000 Genomes phase 3 release,1000 Genomes phase 1 release
NA19221	female	SAME125221	YRI	Yoruba	AFR	African Ancestry	YRI	1000 Genomes 30x on GRCh38,1000 Genomes phase 3 release
NA19226	male	SAME125219	YRI	Yoruba	AFR	African Ancestry	YRI	1000 Genomes 30x on GRCh38,1000 Genomes phase 3 release
NA19238	female	SAME124999	YRI	Yoruba	AFR	African Ancestry	YRI	1000 Genomes on GRCh38,1000 Genomes 30x on GRCh38,Human Genome Structural Variation Consortium, Phase 2,The Human Genome Structural Variation Consortium,1000 Genomes phase 3 release,1000 Genomes phase 1 release
NA19240	female	SAME123688	YRI	Yoruba	AFR	African Ancestry	YRI	1000 Genomes on GRCh38,1000 Genomes 30x on GRCh38,Human Genome Structural Variation Consortium, Phase 2,The Human Genome Structural Variation Consortium,1000 Genomes phase 3 release,1000 Genomes phase 1 release
NA19252	male	SAME123500	YRI	Yoruba	AFR	African Ancestry	YRI	1000 Genomes phase 3 release
NA19257	female	SAME123495	YRI	Yoruba	AFR	African Ancestry	YRI	1000 Genomes on GRCh38,1000 Genomes 30x on GRCh38,1000 Genomes phase 3 release,1000 Genomes phase 1 release,Geuvadis
NA18486	male	SAME124099	YRI	Yoruba	AFR	African Ancestry	YRI	1000 Genomes on GRCh38,1000 Genomes 30x on GRCh38,1000 Genomes phase 3 release,1000 Genomes phase 1 release,Geuvadis
NA18498	male	SAME124058	YRI	Yoruba	AFR	African Ancestry	YRI	1000 Genomes on GRCh38,1000 Genomes 30x on GRCh38,1000 Genomes phase 3 release,1000 Genomes phase 1 release,Geuvadis
NA18501	male	SAME124991	YRI	Yoruba	AFR	African Ancestry	YRI	1000 Genomes on GRCh38,1000 Genomes 30x on GRCh38,1000 Genomes phase 3 release,1000 Genomes phase 1 release
NA18506	male	SAME125059	YRI	Yoruba	AFR	African Ancestry	YRI	1000 Genomes 30x on GRCh38,1000 Genomes phase 3 release
NA18518	female	SAME124889	YRI	Yoruba	AFR	African Ancestry	YRI	1000 Genomes 30x on GRCh38,1000 Genomes phase 3 release
NA18520	female	SAME123565	YRI	Yoruba	AFR	African Ancestry	YRI	1000 Genomes on GRCh38,1000 Genomes 30x on GRCh38,1000 Genomes phase 3 release,1000 Genomes phase 1 release,Geuvadis
NA19092	male	SAME123173	YRI	Yoruba	AFR	African Ancestry	YRI	1000 Genomes on GRCh38,1000 Genomes 30x on GRCh38,1000 Genomes phase 3 release,1000 Genomes phase 1 release,Geuvadis
NA19097	female	SAME123168	YRI	Yoruba	AFR	African Ancestry	YRI	1000 Genomes 30x on GRCh38,1000 Genomes phase 3 release
NA19100	female	SAME125401	YRI	Yoruba	AFR	African Ancestry	YRI	1000 Genomes 30x on GRCh38,1000 Genomes phase 3 release
NA19105	female	SAME125389	YRI	Yoruba	AFR	African Ancestry	YRI	1000 Genomes phase 3 release
NA18912	female	SAME123404	YRI	Yoruba	AFR	African Ancestry	YRI	1000 Genomes on GRCh38,1000 Genomes 30x on GRCh38,1000 Genomes phase 3 release,1000 Genomes phase 1 release,Geuvadis
NA18917	male	SAME123407	YRI	Yoruba	AFR	African Ancestry	YRI	1000 Genomes on GRCh38,1000 Genomes 30x on GRCh38,1000 Genomes phase 3 release,1000 Genomes phase 1 release,Geuvadis
NA18924	female	SAME123202	YRI	Yoruba	AFR	African Ancestry	YRI	1000 Genomes on GRCh38,1000 Genomes 30x on GRCh38,1000 Genomes phase 3 release,1000 Genomes phase 1 release
NA18854	male	SAME124734	YRI	Yoruba	AFR	African Ancestry	YRI	1000 Genomes 30x on GRCh38,1000 Genomes phase 3 release
NA18859	male	SAME124731	YRI	Yoruba	AFR	African Ancestry	YRI	1000 Genomes 30x on GRCh38,1000 Genomes phase 3 release
NA18861	female	SAME124905	YRI	Yoruba	AFR	African Ancestry	YRI	1000 Genomes on GRCh38,1000 Genomes 30x on GRCh38,1000 Genomes phase 3 release,1000 Genomes phase 1 release,Geuvadis
NA18873	female	SAME123536	YRI	Yoruba	AFR	African Ancestry	YRI	1000 Genomes on GRCh38,1000 Genomes 30x on GRCh38,1000 Genomes phase 3 release,1000 Genomes phase 1 release,Geuvadis
NA18878	female	SAME125107	YRI	Yoruba	AFR	African Ancestry	YRI	1000 Genomes on GRCh38,1000 Genomes 30x on GRCh38,1000 Genomes phase 3 release
NA19249	male	SAME123682	YRI	Yoruba	AFR	African Ancestry	YRI	1000 Genomes 30x on GRCh38,1000 Genomes phase 3 release
NA19256	male	SAME124707	YRI	Yoruba	AFR	African Ancestry	YRI	1000 Genomes on GRCh38,1000 Genomes 30x on GRCh38,1000 Genomes phase 3 release,1000 Genomes phase 1 release,Geuvadis
NA19174	male	SAME124882	YRI	Yoruba	AFR	African Ancestry	YRI	1000 Genomes 30x on GRCh38,1000 Genomes phase 3 release
NA19186	male	SAME123861	YRI	Yoruba	AFR	African Ancestry	YRI	1000 Genomes 30x on GRCh38,1000 Genomes phase 3 release
NA19198	male	SAME124049	YRI	Yoruba	AFR	African Ancestry	YRI	1000 Genomes on GRCh38,1000 Genomes 30x on GRCh38,1000 Genomes phase 3 release,1000 Genomes phase 1 release,Geuvadis
NA19201	female	SAME122990	YRI	Yoruba	AFR	African Ancestry	YRI	1000 Genomes on GRCh38,1000 Genomes 30x on GRCh38,1000 Genomes phase 3 release,1000 Genomes phase 1 release,Geuvadis
NA19206	female	SAME122983	YRI	Yoruba	AFR	African Ancestry	YRI	1000 Genomes on GRCh38,1000 Genomes 30x on GRCh38,1000 Genomes phase 3 release,1000 Genomes phase 1 release,Geuvadis
NA19213	male	SAME125384	YRI	Yoruba	AFR	African Ancestry	YRI	1000 Genomes on GRCh38,1000 Genomes 30x on GRCh38,1000 Genomes phase 3 release,1000 Genomes phase 1 release,Geuvadis
NA19225	female	SAME125218	YRI	Yoruba	AFR	African Ancestry	YRI	1000 Genomes on GRCh38,1000 Genomes 30x on GRCh38,1000 Genomes phase 3 release,1000 Genomes phase 1 release,Geuvadis
NA19237	female	SAME125000	YRI	Yoruba	AFR	African Ancestry	YRI	1000 Genomes 30x on GRCh38,1000 Genomes phase 3 release
NA19117	male	SAME124914	YRI	Yoruba	AFR	African Ancestry	YRI	1000 Genomes on GRCh38,1000 Genomes 30x on GRCh38,1000 Genomes phase 3 release,1000 Genomes phase 1 release,Geuvadis
NA19129	female	SAME125021	YRI	Yoruba	AFR	African Ancestry	YRI	1000 Genomes on GRCh38,1000 Genomes 30x on GRCh38,1000 Genomes phase 3 release,1000 Genomes phase 1 release,Geuvadis
NA19131	female	SAME125230	YRI	Yoruba	AFR	African Ancestry	YRI	1000 Genomes on GRCh38,1000 Genomes 30x on GRCh38,1000 Genomes phase 3 release,1000 Genomes phase 1 release,Geuvadis
NA19143	female	SAME124609	YRI	Yoruba	AFR	African Ancestry	YRI	1000 Genomes on GRCh38,1000 Genomes 30x on GRCh38,1000 Genomes phase 3 release,1000 Genomes phase 1 release,Geuvadis
NA19148	female	SAME124606	YRI	Yoruba	AFR	African Ancestry	YRI	1000 Genomes 30x on GRCh38,1000 Genomes phase 3 release
NA19150	male	SAME124838	YRI	Yoruba	AFR	African Ancestry	YRI	1000 Genomes on GRCh38,1000 Genomes 30x on GRCh38,1000 Genomes phase 3 release,1000 Genomes phase 1 release,Geuvadis
